source_url,target_url,status
docs.avaloniaui.net/accelerate/community,https://docs.avaloniaui.net/tools/community-edition,301
docs.avaloniaui.net/accelerate/components/markdown/,https://docs.avaloniaui.net/controls/data-display/text-display/markdown,301
docs.avaloniaui.net/accelerate/components/markdown/code-highlighter,https://docs.avaloniaui.net/controls/data-display/text-display/codehighlighter,301
docs.avaloniaui.net/accelerate/components/markdown/custom-image-loader,https://docs.avaloniaui.net/controls/data-display/text-display/imageloader,301
docs.avaloniaui.net/accelerate/components/markdown/example,https://docs.avaloniaui.net/controls/data-display/text-display/markdown,301
docs.avaloniaui.net/accelerate/components/markdown/markdown,https://docs.avaloniaui.net/controls/data-display/text-display/markdown,301
docs.avaloniaui.net/accelerate/components/markdown/quickstart,https://docs.avaloniaui.net/controls/data-display/text-display/markdown,301
docs.avaloniaui.net/accelerate/components/markdown/styling,https://docs.avaloniaui.net/controls/data-display/text-display/markdown-styling,301
docs.avaloniaui.net/accelerate/components/media-player/mediaplayer,https://docs.avaloniaui.net/controls/media/mediaplayer,301
docs.avaloniaui.net/accelerate/components/media-player/mediaplayercontrol,https://docs.avaloniaui.net/controls/media/mediaplayercontrol,301
docs.avaloniaui.net/accelerate/components/media-player/mediasource,https://docs.avaloniaui.net/controls/media/mediasource,301
docs.avaloniaui.net/accelerate/components/media-player/quickstart,https://docs.avaloniaui.net/controls/media/media-playback,301
docs.avaloniaui.net/accelerate/components/treedatagrid/column-types,https://docs.avaloniaui.net/controls/data-display/structured-data/treedatagrid/column-types,301
docs.avaloniaui.net/accelerate/components/treedatagrid/expanding-collapsing,https://docs.avaloniaui.net/controls/data-display/structured-data/treedatagrid/expand-and-collapse,301
docs.avaloniaui.net/accelerate/components/treedatagrid/faq,https://docs.avaloniaui.net/tools/faq,301
docs.avaloniaui.net/accelerate/components/treedatagrid/filtering,https://docs.avaloniaui.net/controls/data-display/structured-data/treedatagrid/filtering,301
docs.avaloniaui.net/accelerate/components/treedatagrid/quickstart,https://docs.avaloniaui.net/controls/data-display/structured-data/treedatagrid/,301
docs.avaloniaui.net/accelerate/components/treedatagrid/quickstart-flat,https://docs.avaloniaui.net/controls/data-display/structured-data/treedatagrid/,301
docs.avaloniaui.net/accelerate/components/treedatagrid/quickstart-hierarchical,https://docs.avaloniaui.net/controls/data-display/structured-data/treedatagrid/,301
docs.avaloniaui.net/accelerate/components/treedatagrid/selection,https://docs.avaloniaui.net/controls/data-display/structured-data/treedatagrid/selection-modes,301
docs.avaloniaui.net/accelerate/components/treedatagrid/sorting,https://docs.avaloniaui.net/controls/data-display/structured-data/treedatagrid/sorting,301
docs.avaloniaui.net/accelerate/components/virtual-keyboard/,https://docs.avaloniaui.net/controls/input/text-input/virtualkeyboard,301
docs.avaloniaui.net/accelerate/components/virtual-keyboard/getting-started,https://docs.avaloniaui.net/docs/platform-specific-guides/embedded-linux/virtual-keyboard,301
docs.avaloniaui.net/accelerate/components/virtual-keyboard/input-method-identifiers,https://docs.avaloniaui.net/controls/input/text-input/virtualkeyboard,301
docs.avaloniaui.net/accelerate/components/virtual-keyboard/styling,https://docs.avaloniaui.net/controls/input/text-input/virtualkeyboard,301
docs.avaloniaui.net/accelerate/components/virtual-keyboard/virtual-keyboard,https://docs.avaloniaui.net/controls/input/text-input/virtualkeyboard,301
docs.avaloniaui.net/accelerate/components/virtual-keyboard/virtual-keyboard-scope,https://docs.avaloniaui.net/controls/layout/containers/virtualkeyboardscope,301
docs.avaloniaui.net/accelerate/components/webview/faq,https://docs.avaloniaui.net/tools/faq,301
docs.avaloniaui.net/accelerate/components/webview/interop/environment-options,https://docs.avaloniaui.net/controls/web/webview-environment,301
docs.avaloniaui.net/accelerate/components/webview/interop/native-browser-interop,https://docs.avaloniaui.net/docs/app-development/embedding-web-content,301
docs.avaloniaui.net/accelerate/components/webview/nativewebdialog,https://docs.avaloniaui.net/controls/web/nativewebdialog,301
docs.avaloniaui.net/accelerate/components/webview/nativewebview,https://docs.avaloniaui.net/controls/web/nativewebview,301
docs.avaloniaui.net/accelerate/components/webview/quickstart,https://docs.avaloniaui.net/docs/app-development/embedding-web-content,301
docs.avaloniaui.net/accelerate/components/webview/webauthenticationbroker,https://docs.avaloniaui.net/controls/web/webauthenticationbroker,301
docs.avaloniaui.net/accelerate/installation,https://docs.avaloniaui.net/tools/installing-accelerate,301
docs.avaloniaui.net/accelerate/tools/dev-tools/advanced/attaching-browser-or-mobile,https://docs.avaloniaui.net/tools/developer-tools/attaching-applications,301
docs.avaloniaui.net/accelerate/tools/dev-tools/advanced/attaching-to-the-previewer,https://docs.avaloniaui.net/tools/developer-tools/attaching-to-the-previewer,301
docs.avaloniaui.net/accelerate/tools/dev-tools/advanced/attaching-to-the-remote-tool,https://docs.avaloniaui.net/tools/developer-tools/attaching-to-the-remote-tool,301
docs.avaloniaui.net/accelerate/tools/dev-tools/advanced/attaching-wsl,https://docs.avaloniaui.net/tools/developer-tools/attaching-applications,301
docs.avaloniaui.net/accelerate/tools/dev-tools/advanced/options-reference,https://docs.avaloniaui.net/tools/developer-tools/options,301
docs.avaloniaui.net/accelerate/tools/dev-tools/faq,https://docs.avaloniaui.net/tools/faq,301
docs.avaloniaui.net/accelerate/tools/dev-tools/getting-started,https://docs.avaloniaui.net/tools/developer-tools/installation,301
docs.avaloniaui.net/accelerate/tools/dev-tools/mcp,https://docs.avaloniaui.net/tools/developer-tools/mcp,301
docs.avaloniaui.net/accelerate/tools/dev-tools/reporting-issues,https://docs.avaloniaui.net/troubleshooting/tools/developer-tools,301
docs.avaloniaui.net/accelerate/tools/dev-tools/settings,https://docs.avaloniaui.net/tools/developer-tools/settings,301
docs.avaloniaui.net/accelerate/tools/dev-tools/shortcuts,https://docs.avaloniaui.net/tools/developer-tools/shortcuts,301
docs.avaloniaui.net/accelerate/tools/dev-tools/tools/assets,https://docs.avaloniaui.net/tools/developer-tools/assets-tool,301
docs.avaloniaui.net/accelerate/tools/dev-tools/tools/breakpoints,https://docs.avaloniaui.net/tools/developer-tools/breakpoints-tool,301
docs.avaloniaui.net/accelerate/tools/dev-tools/tools/elements/,https://docs.avaloniaui.net/tools/developer-tools/elements-tool,301
docs.avaloniaui.net/accelerate/tools/dev-tools/tools/elements/3d-viewer,https://docs.avaloniaui.net/tools/developer-tools/elements-tool,301
docs.avaloniaui.net/accelerate/tools/dev-tools/tools/elements/elements,https://docs.avaloniaui.net/tools/developer-tools/elements-tool,301
docs.avaloniaui.net/accelerate/tools/dev-tools/tools/elements/overlay,https://docs.avaloniaui.net/tools/developer-tools/elements-tool,301
docs.avaloniaui.net/accelerate/tools/dev-tools/tools/elements/properties,https://docs.avaloniaui.net/tools/developer-tools/elements-tool,301
docs.avaloniaui.net/accelerate/tools/dev-tools/tools/events,https://docs.avaloniaui.net/tools/developer-tools/events-tool,301
docs.avaloniaui.net/accelerate/tools/dev-tools/tools/logs,https://docs.avaloniaui.net/tools/developer-tools/logs-tool,301
docs.avaloniaui.net/accelerate/tools/dev-tools/tools/metrics,https://docs.avaloniaui.net/tools/developer-tools/metrics-tool,301
docs.avaloniaui.net/accelerate/tools/dev-tools/tools/profiler,https://docs.avaloniaui.net/tools/developer-tools/profiler-tool,301
docs.avaloniaui.net/accelerate/tools/dev-tools/tools/resources,https://docs.avaloniaui.net/tools/developer-tools/resources-tool,301
docs.avaloniaui.net/accelerate/tools/parcel/apple/,https://docs.avaloniaui.net/tools/parcel/packaging-for-macos,301
docs.avaloniaui.net/accelerate/tools/parcel/apple/index,https://docs.avaloniaui.net/tools/parcel/packaging-for-macos,301
docs.avaloniaui.net/accelerate/tools/parcel/apple/notary,https://docs.avaloniaui.net/tools/parcel/packaging-for-macos,301
docs.avaloniaui.net/accelerate/tools/parcel/apple/packaging,https://docs.avaloniaui.net/tools/parcel/packaging-for-macos,301
docs.avaloniaui.net/accelerate/tools/parcel/apple/signing,https://docs.avaloniaui.net/tools/parcel/packaging-for-macos,301
docs.avaloniaui.net/accelerate/tools/parcel/cli-reference,https://docs.avaloniaui.net/tools/parcel/command-line-reference,301
docs.avaloniaui.net/accelerate/tools/parcel/getting-started,https://docs.avaloniaui.net/tools/parcel/setup,301
docs.avaloniaui.net/accelerate/tools/parcel/guies/apple-notary,https://docs.avaloniaui.net/tools/parcel/packaging-for-macos,301
docs.avaloniaui.net/accelerate/tools/parcel/guies/apple-signing,https://docs.avaloniaui.net/tools/parcel/packaging-for-macos,301
docs.avaloniaui.net/accelerate/tools/parcel/linux/,https://docs.avaloniaui.net/tools/parcel/packaging-for-linux,301
docs.avaloniaui.net/accelerate/tools/parcel/linux/index,https://docs.avaloniaui.net/tools/parcel/packaging-for-linux,301
docs.avaloniaui.net/accelerate/tools/parcel/linux/packaging,https://docs.avaloniaui.net/tools/parcel/packaging-for-linux,301
docs.avaloniaui.net/accelerate/tools/parcel/mcp,https://docs.avaloniaui.net/tools/parcel/mcp,301
docs.avaloniaui.net/accelerate/tools/parcel/windows/,https://docs.avaloniaui.net/tools/parcel/packaging-for-windows,301
docs.avaloniaui.net/accelerate/tools/parcel/windows/index,https://docs.avaloniaui.net/tools/parcel/packaging-for-windows,301
docs.avaloniaui.net/accelerate/tools/parcel/windows/installer,https://docs.avaloniaui.net/tools/parcel/packaging-for-windows,301
docs.avaloniaui.net/accelerate/tools/parcel/windows/signing,https://docs.avaloniaui.net/tools/parcel/packaging-for-windows,301
docs.avaloniaui.net/accelerate/tools/vs-extension/getting-started,https://docs.avaloniaui.net/tools/visual-studio-extension,301
docs.avaloniaui.net/accelerate/tools/vs-extension/previewer,https://docs.avaloniaui.net/docs/app-development/xaml-preview-and-design-settings,301
docs.avaloniaui.net/accelerate/tools/vs-extension/settings,https://docs.avaloniaui.net/tools/visual-studio-extension,301
docs.avaloniaui.net/accelerate/welcome,https://docs.avaloniaui.net/tools,301
docs.avaloniaui.net/concepts,https://docs.avaloniaui.net/docs/welcome,301
docs.avaloniaui.net/concepts/index,https://docs.avaloniaui.net/docs/welcome,301
docs.avaloniaui.net/concepts/ui-concepts/user-input/binding-key-and-mouse,https://docs.avaloniaui.net/docs/input-interaction/mouse-and-keyboard-shortcuts,301
docs.avaloniaui.net/concepts/ui-concepts/user-input/index,https://docs.avaloniaui.net/docs/input-interaction/pointer,301
docs.avaloniaui.net/docs/animations/,https://docs.avaloniaui.net/docs/graphics-animation/animations,301
docs.avaloniaui.net/docs/animations/keyframe-animations,https://docs.avaloniaui.net/docs/graphics-animation/keyframe-animations,301
docs.avaloniaui.net/docs/animations/page-transitions,https://docs.avaloniaui.net/docs/graphics-animation/page-transitions,301
docs.avaloniaui.net/docs/animations/PageTransitions,https://docs.avaloniaui.net/docs/graphics-animation/page-transitions,301
docs.avaloniaui.net/docs/animations/transitions,https://docs.avaloniaui.net/docs/graphics-animation/control-transitions,301
docs.avaloniaui.net/docs/app-development/accessing-the-ui-thread,https://docs.avaloniaui.net/docs/app-development/threading,301
docs.avaloniaui.net/docs/app-development/reactiveui/index,https://docs.avaloniaui.net/docs/fundamentals/the-mvvm-pattern,301
docs.avaloniaui.net/docs/authoring-controls/,https://docs.avaloniaui.net/docs/custom-controls/,301
docs.avaloniaui.net/docs/authoring-controls/defining-properties,https://docs.avaloniaui.net/docs/custom-controls/defining-properties,301
docs.avaloniaui.net/docs/authoring-controls/types-of-control,https://docs.avaloniaui.net/docs/custom-controls/,301
docs.avaloniaui.net/docs/basics/,https://docs.avaloniaui.net/docs/welcome,301
docs.avaloniaui.net/docs/basics/data/data-binding/,https://docs.avaloniaui.net/docs/data-binding/introduction-to-data-binding,301
docs.avaloniaui.net/docs/basics/data/data-binding/compiled-bindings,https://docs.avaloniaui.net/docs/data-binding/introduction-to-data-binding,301
docs.avaloniaui.net/docs/basics/data/data-binding/data-binding-syntax,https://docs.avaloniaui.net/docs/data-binding/introduction-to-data-binding,301
docs.avaloniaui.net/docs/basics/data/data-binding/data-context,https://docs.avaloniaui.net/docs/data-binding/introduction-to-data-binding,301
docs.avaloniaui.net/docs/basics/data/data-templates,https://docs.avaloniaui.net/docs/data-templates/introduction-to-data-templates,301
docs.avaloniaui.net/docs/basics/user-interface/adding-interactivity,https://docs.avaloniaui.net/docs/input-interaction/adding-interactivity,301
docs.avaloniaui.net/docs/basics/user-interface/animations,https://docs.avaloniaui.net/docs/graphics-animation/animations,301
docs.avaloniaui.net/docs/basics/user-interface/assets,https://docs.avaloniaui.net/docs/fundamentals/assets,301
docs.avaloniaui.net/docs/basics/user-interface/building-layouts/,https://docs.avaloniaui.net/docs/layout/,301
docs.avaloniaui.net/docs/basics/user-interface/building-layouts/alignment-margins-and-padding,https://docs.avaloniaui.net/docs/layout/positioning-controls,301
docs.avaloniaui.net/docs/basics/user-interface/building-layouts/panels-overview,https://docs.avaloniaui.net/controls,301
docs.avaloniaui.net/docs/basics/user-interface/code-behind,https://docs.avaloniaui.net/docs/fundamentals/code-behind,301
docs.avaloniaui.net/docs/basics/user-interface/controls/,https://docs.avaloniaui.net/controls,301
docs.avaloniaui.net/docs/basics/user-interface/controls/builtin-controls,https://docs.avaloniaui.net/controls,301
docs.avaloniaui.net/docs/basics/user-interface/controls/creating-controls/,https://docs.avaloniaui.net/docs/custom-controls/,301
docs.avaloniaui.net/docs/basics/user-interface/controls/creating-controls/control-themes,https://docs.avaloniaui.net/docs/styling/control-themes,301
docs.avaloniaui.net/docs/basics/user-interface/controls/creating-controls/defining-events,https://docs.avaloniaui.net/docs/custom-controls/defining-events,301
docs.avaloniaui.net/docs/basics/user-interface/controls/creating-controls/defining-properties,https://docs.avaloniaui.net/docs/custom-controls/defining-properties,301
docs.avaloniaui.net/docs/basics/user-interface/controls/creating-controls/index,https://docs.avaloniaui.net/docs/custom-controls/,301
docs.avaloniaui.net/docs/basics/user-interface/file-dialogs,https://docs.avaloniaui.net/docs/services/file-dialogs,301
docs.avaloniaui.net/docs/basics/user-interface/introduction-to-xaml,https://docs.avaloniaui.net/docs/fundamentals/avalonia-xaml,301
docs.avaloniaui.net/docs/basics/user-interface/messagebox,https://docs.avaloniaui.net/troubleshooting/controls/messagebox,301
docs.avaloniaui.net/docs/basics/user-interface/multi-touch,https://docs.avaloniaui.net/docs/input-interaction/gestures,301
docs.avaloniaui.net/docs/basics/user-interface/styling/,https://docs.avaloniaui.net/docs/styling/styles,301
docs.avaloniaui.net/docs/basics/user-interface/styling/container-queries,https://docs.avaloniaui.net/docs/styling/container-queries,301
docs.avaloniaui.net/docs/basics/user-interface/styling/control-themes,https://docs.avaloniaui.net/docs/styling/control-themes,301
docs.avaloniaui.net/docs/basics/user-interface/styling/style-classes,https://docs.avaloniaui.net/docs/styling/style-classes,301
docs.avaloniaui.net/docs/basics/user-interface/styling/styles,https://docs.avaloniaui.net/docs/styling/styles,301
docs.avaloniaui.net/docs/basics/user-interface/styling/themes/,https://docs.avaloniaui.net/docs/styling/themes,301
docs.avaloniaui.net/docs/basics/user-interface/styling/themes/fluent,https://docs.avaloniaui.net/docs/styling/themes,301
docs.avaloniaui.net/docs/basics/user-interface/styling/themes/simple,https://docs.avaloniaui.net/docs/styling/themes,301
docs.avaloniaui.net/docs/basics/user-interface/styling/troubleshooting,https://docs.avaloniaui.net/troubleshooting/ui-development/themes,301
docs.avaloniaui.net/docs/community,https://docs.avaloniaui.net/docs/welcome,301
docs.avaloniaui.net/docs/concepts/,https://docs.avaloniaui.net/docs/welcome,301
docs.avaloniaui.net/docs/concepts/application-lifetimes,https://docs.avaloniaui.net/docs/fundamentals/application-lifetimes,301
docs.avaloniaui.net/docs/concepts/attached-property,https://docs.avaloniaui.net/docs/custom-controls/attached-properties,301
docs.avaloniaui.net/docs/concepts/blend-modes,https://docs.avaloniaui.net/docs/graphics-animation/bitmap-blend-modes,301
docs.avaloniaui.net/docs/concepts/control-trees,https://docs.avaloniaui.net/docs/custom-controls/control-trees,301
docs.avaloniaui.net/docs/concepts/custom-itemspanel,https://docs.avaloniaui.net/docs/custom-controls/custom-itemspanel,301
docs.avaloniaui.net/docs/concepts/headless/,https://docs.avaloniaui.net/docs/testing/setting-up-the-headless-platform,301
docs.avaloniaui.net/docs/concepts/headless/headless-custom,https://docs.avaloniaui.net/docs/testing/setting-up-the-headless-platform,301
docs.avaloniaui.net/docs/concepts/headless/headless-nunit,https://docs.avaloniaui.net/docs/testing/headless-nunit,301
docs.avaloniaui.net/docs/concepts/headless/headless-xunit,https://docs.avaloniaui.net/docs/testing/headless-xunit,301
docs.avaloniaui.net/docs/concepts/image-interpolation,https://docs.avaloniaui.net/docs/graphics-animation/image-interpolation,301
docs.avaloniaui.net/docs/concepts/index,https://docs.avaloniaui.net/docs/welcome,301
docs.avaloniaui.net/docs/concepts/input/,https://docs.avaloniaui.net/docs/input-interaction/pointer,301
docs.avaloniaui.net/docs/concepts/input/binding-key-and-mouse,https://docs.avaloniaui.net/docs/input-interaction/mouse-and-keyboard-shortcuts,301
docs.avaloniaui.net/docs/concepts/input/focus,https://docs.avaloniaui.net/docs/input-interaction/focus,301
docs.avaloniaui.net/docs/concepts/input/gestures,https://docs.avaloniaui.net/docs/input-interaction/gestures,301
docs.avaloniaui.net/docs/concepts/input/hotkeys,https://docs.avaloniaui.net/docs/input-interaction/keyboard-and-hotkeys,301
docs.avaloniaui.net/docs/concepts/input/pointer,https://docs.avaloniaui.net/docs/input-interaction/pointer,301
docs.avaloniaui.net/docs/concepts/input/routed-events,https://docs.avaloniaui.net/docs/input-interaction/routed-events,301
docs.avaloniaui.net/docs/concepts/layout/layout-zones,https://docs.avaloniaui.net/docs/layout/,301
docs.avaloniaui.net/docs/concepts/markupextensions/,https://docs.avaloniaui.net/docs/data-binding/markup-extensions,301
docs.avaloniaui.net/docs/concepts/markupextensions/options-markup-extensions,https://docs.avaloniaui.net/docs/data-binding/markup-extensions,301
docs.avaloniaui.net/docs/concepts/reactiveui/,https://docs.avaloniaui.net/docs/fundamentals/the-mvvm-pattern,301
docs.avaloniaui.net/docs/concepts/reactiveui/binding-to-sorted-filtered-list,https://docs.avaloniaui.net/docs/data-binding/introduction-to-data-binding,301
docs.avaloniaui.net/docs/concepts/reactiveui/command-update,https://docs.avaloniaui.net/docs/data-binding/binding-to-commands,301
docs.avaloniaui.net/docs/concepts/reactiveui/data-persistence,https://docs.avaloniaui.net/docs/data-binding/introduction-to-data-binding,301
docs.avaloniaui.net/docs/concepts/reactiveui/reactive-command,https://docs.avaloniaui.net/docs/data-binding/binding-to-commands,301
docs.avaloniaui.net/docs/concepts/reactiveui/reactive-view-model,https://docs.avaloniaui.net/docs/fundamentals/the-mvvm-pattern,301
docs.avaloniaui.net/docs/concepts/reactiveui/routing,https://docs.avaloniaui.net/docs/fundamentals/the-mvvm-pattern,301
docs.avaloniaui.net/docs/concepts/reactiveui/view-activation,https://docs.avaloniaui.net/docs/fundamentals/the-mvvm-pattern,301
docs.avaloniaui.net/docs/concepts/services/,https://docs.avaloniaui.net/docs/welcome,301
docs.avaloniaui.net/docs/concepts/services/clipboard,https://docs.avaloniaui.net/docs/services/clipboard,301
docs.avaloniaui.net/docs/concepts/services/storage-provider/,https://docs.avaloniaui.net/docs/services/storage/storage-provider,301
docs.avaloniaui.net/docs/concepts/templated-controls,https://docs.avaloniaui.net/docs/custom-controls/,301
docs.avaloniaui.net/docs/concepts/templates/,https://docs.avaloniaui.net/docs/data-templates/introduction-to-data-templates,301
docs.avaloniaui.net/docs/concepts/templates/content-template,https://docs.avaloniaui.net/docs/data-templates/content-templates,301
docs.avaloniaui.net/docs/concepts/templates/creating-data-templates-in-code,https://docs.avaloniaui.net/docs/data-templates/creating-data-templates-in-code,301
docs.avaloniaui.net/docs/concepts/templates/data-templates,https://docs.avaloniaui.net/docs/data-templates/control-content,301
docs.avaloniaui.net/docs/concepts/templates/data-templates-collection,https://docs.avaloniaui.net/docs/data-templates/data-template-collection,301
docs.avaloniaui.net/docs/concepts/templates/implement-idatatemplate,https://docs.avaloniaui.net/docs/data-templates/creating-data-templates-in-code,301
docs.avaloniaui.net/docs/concepts/templates/reusing-data-templates,https://docs.avaloniaui.net/docs/data-templates/reusing-data-templates,301
docs.avaloniaui.net/docs/concepts/the-main-window,https://docs.avaloniaui.net/docs/fundamentals/main-window,301
docs.avaloniaui.net/docs/concepts/the-mvvm-pattern/,https://docs.avaloniaui.net/docs/fundamentals/the-mvvm-pattern,301
docs.avaloniaui.net/docs/concepts/the-mvvm-pattern/avalonia-ui-and-mvvm,https://docs.avaloniaui.net/docs/fundamentals/the-mvvm-pattern,301
docs.avaloniaui.net/docs/concepts/the-mvvm-pattern/index,https://docs.avaloniaui.net/docs/fundamentals/the-mvvm-pattern,301
docs.avaloniaui.net/docs/concepts/toplevel,https://docs.avaloniaui.net/docs/fundamentals/top-level,301
docs.avaloniaui.net/docs/concepts/ui-composition,https://docs.avaloniaui.net/docs/fundamentals/ui-composition,301
docs.avaloniaui.net/docs/concepts/unhandledexceptions,https://docs.avaloniaui.net/docs/app-development/setting-unhandled-exceptions,301
docs.avaloniaui.net/docs/concepts/view-locator,https://docs.avaloniaui.net/docs/data-templates/view-locator,301
docs.avaloniaui.net/docs/controls/button,https://docs.avaloniaui.net/controls/input/buttons/button,301
docs.avaloniaui.net/docs/controls/buttonspinner,https://docs.avaloniaui.net/controls/input/buttons/buttonspinner,301
docs.avaloniaui.net/docs/controls/calendardatepicker,https://docs.avaloniaui.net/controls/input/date-and-time/calendardatepicker,301
docs.avaloniaui.net/docs/controls/radiobutton,https://docs.avaloniaui.net/controls/input/buttons/radiobutton,301
docs.avaloniaui.net/docs/controls/repeatbutton,https://docs.avaloniaui.net/controls/input/buttons/repeatbutton,301
docs.avaloniaui.net/docs/controls/SplitButton,https://docs.avaloniaui.net/controls/input/buttons/splitbutton,301
docs.avaloniaui.net/docs/controls/togglebutton,https://docs.avaloniaui.net/controls/input/buttons/togglebutton,301
docs.avaloniaui.net/docs/controls/ToggleSplitButton,https://docs.avaloniaui.net/controls/input/buttons/togglesplitbutton,301
docs.avaloniaui.net/docs/controls/tray-icon,https://docs.avaloniaui.net/controls/navigation/trayicon,301
docs.avaloniaui.net/docs/controls/trayicon,https://docs.avaloniaui.net/controls/navigation/trayicon,301
docs.avaloniaui.net/docs/controls/treeview,https://docs.avaloniaui.net/controls/data-display/structured-data/treeview,301
docs.avaloniaui.net/docs/controls/treeview-1,https://docs.avaloniaui.net/controls/data-display/structured-data/treeview,301
docs.avaloniaui.net/docs/data-binding/,https://docs.avaloniaui.net/docs/data-binding/introduction-to-data-binding,301
docs.avaloniaui.net/docs/data-binding/binding-classes,https://docs.avaloniaui.net/docs/data-binding/introduction-to-data-binding,301
docs.avaloniaui.net/docs/data-binding/binding-from-code,https://docs.avaloniaui.net/docs/data-binding/introduction-to-data-binding,301
docs.avaloniaui.net/docs/data-binding/binding-to-commands,https://docs.avaloniaui.net/docs/data-binding/introduction-to-data-binding,301
docs.avaloniaui.net/docs/data-binding/binding-to-controls,https://docs.avaloniaui.net/docs/data-binding/introduction-to-data-binding,301
docs.avaloniaui.net/docs/data-binding/binding-to-tasks-and-observables,https://docs.avaloniaui.net/docs/data-binding/introduction-to-data-binding,301
docs.avaloniaui.net/docs/data-binding/bindings,https://docs.avaloniaui.net/docs/data-binding/introduction-to-data-binding,301
docs.avaloniaui.net/docs/data-binding/change-notifications,https://docs.avaloniaui.net/docs/data-binding/introduction-to-data-binding,301
docs.avaloniaui.net/docs/data-binding/compiledbindings,https://docs.avaloniaui.net/docs/data-binding/introduction-to-data-binding,301
docs.avaloniaui.net/docs/data-binding/converting-binding-values,https://docs.avaloniaui.net/docs/data-binding/introduction-to-data-binding,301
docs.avaloniaui.net/docs/data-binding/creating-and-binding-attached-properties,https://docs.avaloniaui.net/docs/custom-controls/attached-properties,301
docs.avaloniaui.net/docs/data-binding/data-validation,https://docs.avaloniaui.net/docs/app-development/data-validation,301
docs.avaloniaui.net/docs/data-binding/the-datacontext,https://docs.avaloniaui.net/docs/data-binding/introduction-to-data-binding,301
docs.avaloniaui.net/docs/deployment/,https://docs.avaloniaui.net/docs/welcome,301
docs.avaloniaui.net/docs/deployment/debian-ubuntu,https://docs.avaloniaui.net/docs/deployment/linux,301
docs.avaloniaui.net/docs/deployment/macOS,https://docs.avaloniaui.net/docs/deployment/macos,301
docs.avaloniaui.net/docs/distribution-publishing/,https://docs.avaloniaui.net/tools/parcel/setup,301
docs.avaloniaui.net/docs/distribution-publishing/macos,https://docs.avaloniaui.net/tools/parcel/packaging-for-macos,301
docs.avaloniaui.net/docs/faq,https://docs.avaloniaui.net/docs/welcome,301
docs.avaloniaui.net/docs/get-started/getting-started,https://docs.avaloniaui.net/docs/get-started/,301
docs.avaloniaui.net/docs/get-started/install,https://docs.avaloniaui.net/docs/get-started/,301
docs.avaloniaui.net/docs/get-started/introduction,https://docs.avaloniaui.net/docs/get-started/,301
docs.avaloniaui.net/docs/get-started/learn-more,https://docs.avaloniaui.net/docs/get-started/starter-tutorial/exercises,301
docs.avaloniaui.net/docs/get-started/set-up-an-editor,https://docs.avaloniaui.net/docs/get-started/,301
docs.avaloniaui.net/docs/get-started/test-drive/,https://docs.avaloniaui.net/docs/get-started/starter-tutorial/,301
docs.avaloniaui.net/docs/get-started/test-drive/add-a-control,https://docs.avaloniaui.net/docs/get-started/starter-tutorial/adding-a-control,301
docs.avaloniaui.net/docs/get-started/test-drive/add-some-layout,https://docs.avaloniaui.net/docs/get-started/starter-tutorial/adding-some-layout,301
docs.avaloniaui.net/docs/get-started/test-drive/code-with-controls,https://docs.avaloniaui.net/docs/get-started/starter-tutorial/converting-data,301
docs.avaloniaui.net/docs/get-started/test-drive/create-a-project,https://docs.avaloniaui.net/docs/get-started/starter-tutorial/,301
docs.avaloniaui.net/docs/get-started/test-drive/input-controls,https://docs.avaloniaui.net/docs/get-started/starter-tutorial/adding-some-layout,301
docs.avaloniaui.net/docs/get-started/test-drive/introduction,https://docs.avaloniaui.net/docs/get-started/starter-tutorial/,301
docs.avaloniaui.net/docs/get-started/test-drive/main-window,https://docs.avaloniaui.net/docs/get-started/starter-tutorial/customizing-the-avalonia-window,301
docs.avaloniaui.net/docs/get-started/test-drive/respond-to-an-event,https://docs.avaloniaui.net/docs/get-started/starter-tutorial/establishing-events-and-responses,301
docs.avaloniaui.net/docs/get-started/test-drive/the-design-preview,https://docs.avaloniaui.net/docs/get-started/starter-tutorial/customizing-the-avalonia-window,301
docs.avaloniaui.net/docs/get-started/wpf/,https://docs.avaloniaui.net/docs/migration/wpf/,301
docs.avaloniaui.net/docs/get-started/wpf/class-handlers,https://docs.avaloniaui.net/docs/migration/wpf/events,301
docs.avaloniaui.net/docs/get-started/wpf/comparison-of-avalonia-with-wpf-and-uwp,https://docs.avaloniaui.net/docs/migration/wpf/,301
docs.avaloniaui.net/docs/get-started/wpf/datatemplates,https://docs.avaloniaui.net/docs/migration/wpf/data-templates,301
docs.avaloniaui.net/docs/get-started/wpf/dependencyproperty,https://docs.avaloniaui.net/docs/migration/wpf/properties,301
docs.avaloniaui.net/docs/get-started/wpf/grid,https://docs.avaloniaui.net/docs/migration/wpf/controls,301
docs.avaloniaui.net/docs/get-started/wpf/hierarchicaldatatemplate,https://docs.avaloniaui.net/docs/migration/wpf/data-templates,301
docs.avaloniaui.net/docs/get-started/wpf/propertychangedcallback,https://docs.avaloniaui.net/docs/migration/wpf/properties,301
docs.avaloniaui.net/docs/get-started/wpf/rendertransforms-and-rendertransformorigin,https://docs.avaloniaui.net/docs/migration/wpf/controls,301
docs.avaloniaui.net/docs/get-started/wpf/styling,https://docs.avaloniaui.net/docs/migration/wpf/styling,301
docs.avaloniaui.net/docs/get-started/wpf/tunnelling-events,https://docs.avaloniaui.net/docs/migration/wpf/events,301
docs.avaloniaui.net/docs/get-started/wpf/uielement-frameworkelement-and-control,https://docs.avaloniaui.net/docs/migration/wpf/controls,301
docs.avaloniaui.net/docs/get-started/xaml-previewers,https://docs.avaloniaui.net/docs/app-development/xaml-preview-and-design-settings,301
docs.avaloniaui.net/docs/getting-started/application-lifetimes,https://docs.avaloniaui.net/docs/fundamentals/application-lifetimes,301
docs.avaloniaui.net/docs/getting-started/assets,https://docs.avaloniaui.net/docs/fundamentals/assets,301
docs.avaloniaui.net/docs/getting-started/developer-tools,https://docs.avaloniaui.net/tools/legacy-developer-tools,301
docs.avaloniaui.net/docs/getting-started/logging-errors-and-warnings,https://docs.avaloniaui.net/docs/app-development/logging-errors-and-warnings,301
docs.avaloniaui.net/docs/getting-started/programming-with-avalonia/controls-and-layouts,https://docs.avaloniaui.net/controls,301
docs.avaloniaui.net/docs/getting-started/programming-with-avalonia/data-binding,https://docs.avaloniaui.net/docs/data-binding/introduction-to-data-binding,301
docs.avaloniaui.net/docs/getting-started/programming-with-avalonia/graphics-and-animations,https://docs.avaloniaui.net/docs/graphics-animation/drawing-graphics,301
docs.avaloniaui.net/docs/getting-started/programming-with-avalonia/the-model-view-viewmodel-pattern-mvvm,https://docs.avaloniaui.net/docs/fundamentals/the-mvvm-pattern,301
docs.avaloniaui.net/docs/getting-started/unhandled-exceptions,https://docs.avaloniaui.net/docs/app-development/setting-unhandled-exceptions,301
docs.avaloniaui.net/docs/getting-started/UnhandledExceptions,https://docs.avaloniaui.net/docs/app-development/setting-unhandled-exceptions,301
docs.avaloniaui.net/docs/getting-started/windows,https://docs.avaloniaui.net/controls/primitives/window,301
docs.avaloniaui.net/docs/guides/,https://docs.avaloniaui.net/docs/welcome,301
docs.avaloniaui.net/docs/guides/basics/,https://docs.avaloniaui.net/docs/welcome,301
docs.avaloniaui.net/docs/guides/basics/accessing-the-ui-thread,https://docs.avaloniaui.net/docs/app-development/threading,301
docs.avaloniaui.net/docs/guides/basics/code-behind,https://docs.avaloniaui.net/docs/fundamentals/code-behind,301
docs.avaloniaui.net/docs/guides/basics/introduction-to-xaml,https://docs.avaloniaui.net/docs/fundamentals/avalonia-xaml,301
docs.avaloniaui.net/docs/guides/building-cross-platform-applications/,https://docs.avaloniaui.net/docs/fundamentals/cross-platform-architecture,301
docs.avaloniaui.net/docs/guides/building-cross-platform-applications/architecture,https://docs.avaloniaui.net/docs/fundamentals/cross-platform-architecture,301
docs.avaloniaui.net/docs/guides/building-cross-platform-applications/dealing-with-platforms,https://docs.avaloniaui.net/docs/fundamentals/cross-platform-architecture,301
docs.avaloniaui.net/docs/guides/building-cross-platform-applications/solution-setup,https://docs.avaloniaui.net/docs/app-development/cross-platform-solution-setup,301
docs.avaloniaui.net/docs/guides/custom-controls/,https://docs.avaloniaui.net/docs/custom-controls/,301
docs.avaloniaui.net/docs/guides/custom-controls/add-custom-control-class,https://docs.avaloniaui.net/docs/custom-controls/custom-control-class,301
docs.avaloniaui.net/docs/guides/custom-controls/create-a-custom-panel,https://docs.avaloniaui.net/docs/custom-controls/custom-panel,301
docs.avaloniaui.net/docs/guides/custom-controls/defining-properties,https://docs.avaloniaui.net/docs/custom-controls/defining-properties,301
docs.avaloniaui.net/docs/guides/custom-controls/draw-with-a-property,https://docs.avaloniaui.net/docs/custom-controls/drawing-custom-controls,301
docs.avaloniaui.net/docs/guides/custom-controls/how-to-create-a-custom-controls-library,https://docs.avaloniaui.net/docs/custom-controls/custom-control-library,301
docs.avaloniaui.net/docs/guides/custom-controls/how-to-create-a-custom-flyout,https://docs.avaloniaui.net/docs/custom-controls/custom-flyout,301
docs.avaloniaui.net/docs/guides/custom-controls/how-to-create-advanced-custom-controls,https://docs.avaloniaui.net/docs/custom-controls/,301
docs.avaloniaui.net/docs/guides/custom-controls/how-to-create-attached-properties,https://docs.avaloniaui.net/docs/custom-controls/attached-properties,301
docs.avaloniaui.net/docs/guides/custom-controls/how-to-create-templated-controls,https://docs.avaloniaui.net/docs/custom-controls/templated-controls,301
docs.avaloniaui.net/docs/guides/custom-controls/types-of-control,https://docs.avaloniaui.net/docs/custom-controls/,301
docs.avaloniaui.net/docs/guides/data-binding/,https://docs.avaloniaui.net/docs/data-binding/introduction-to-data-binding,301
docs.avaloniaui.net/docs/guides/data-binding/how-to-bind-to-a-command-with-reactiveui,https://docs.avaloniaui.net/docs/data-binding/binding-to-commands,301
docs.avaloniaui.net/docs/guides/data-binding/how-to-bind-to-a-command-without-reactiveui,https://docs.avaloniaui.net/docs/data-binding/binding-to-commands,301
docs.avaloniaui.net/docs/guides/data/how-to-bind-to-a-command-with-reactiveui,https://docs.avaloniaui.net/docs/data-binding/binding-to-commands,301
docs.avaloniaui.net/docs/guides/deep-dives/,https://docs.avaloniaui.net/docs/welcome,301
docs.avaloniaui.net/docs/guides/deep-dives/running-on-raspbian-lite-via-drm,https://docs.avaloniaui.net/docs/platform-specific-guides/embedded-linux/raspberry-pi,301
docs.avaloniaui.net/docs/guides/deep-dives/running-your-app-on-a-raspberry-pi,https://docs.avaloniaui.net/docs/platform-specific-guides/embedded-linux/raspberry-pi,301
docs.avaloniaui.net/docs/guides/developer-guides/,https://docs.avaloniaui.net/docs/welcome,301
docs.avaloniaui.net/docs/guides/developer-guides/comparison-of-avalonia-with-wpf-and-uwp,https://docs.avaloniaui.net/docs/migration/wpf/,301
docs.avaloniaui.net/docs/guides/development-guides/accessing-the-ui-thread,https://docs.avaloniaui.net/docs/app-development/threading,301
docs.avaloniaui.net/docs/guides/development-guides/data-validation,https://docs.avaloniaui.net/docs/app-development/data-validation,301
docs.avaloniaui.net/docs/guides/development-guides/how-to-implement-multi-page-apps,https://docs.avaloniaui.net/docs/welcome,301
docs.avaloniaui.net/docs/guides/development-guides/how-to-show-and-hide-a-split-view-pane-with-mvvm,https://docs.avaloniaui.net/docs/fundamentals/the-mvvm-pattern,301
docs.avaloniaui.net/docs/guides/development-guides/improving-performance,https://docs.avaloniaui.net/troubleshooting/app-performance-issues,301
docs.avaloniaui.net/docs/guides/graphics-and-animation/gradients,https://docs.avaloniaui.net/docs/graphics-animation/gradients,301
docs.avaloniaui.net/docs/guides/graphics-and-animation/graphics-and-animations,https://docs.avaloniaui.net/docs/graphics-animation/drawing-graphics,301
docs.avaloniaui.net/docs/guides/graphics-and-animation/how-to-add-menu-icons,https://docs.avaloniaui.net/docs/graphics-animation/adding-icons,301
docs.avaloniaui.net/docs/guides/graphics-and-animation/how-to-use-icons,https://docs.avaloniaui.net/docs/graphics-animation/adding-icons,301
docs.avaloniaui.net/docs/guides/graphics-and-animation/keyframe-animations,https://docs.avaloniaui.net/docs/graphics-animation/keyframe-animations,301
docs.avaloniaui.net/docs/guides/graphics-and-animation/page-transitions/cross-fade-page-transition,https://docs.avaloniaui.net/docs/graphics-animation/page-transitions,301
docs.avaloniaui.net/docs/guides/graphics-and-animation/page-transitions/how-to-create-a-custom-page-transition,https://docs.avaloniaui.net/docs/graphics-animation/page-transitions,301
docs.avaloniaui.net/docs/guides/graphics-and-animation/page-transitions/page-slide-transition,https://docs.avaloniaui.net/docs/graphics-animation/page-transitions,301
docs.avaloniaui.net/docs/guides/graphics-and-animation/page-transitions/page-transition-combinations,https://docs.avaloniaui.net/docs/graphics-animation/page-transitions,301
docs.avaloniaui.net/docs/guides/graphics-and-animation/transitions,https://docs.avaloniaui.net/docs/graphics-animation/control-transitions,301
docs.avaloniaui.net/docs/guides/implementation-guides/,https://docs.avaloniaui.net/docs/welcome,301
docs.avaloniaui.net/docs/guides/implementation-guides/code-behind,https://docs.avaloniaui.net/docs/fundamentals/code-behind,301
docs.avaloniaui.net/docs/guides/implementation-guides/developer-tools,https://docs.avaloniaui.net/tools/legacy-developer-tools,301
docs.avaloniaui.net/docs/guides/implementation-guides/how-to-implement-dependency-injection,https://docs.avaloniaui.net/docs/app-development/dependency-injection,301
docs.avaloniaui.net/docs/guides/implementation-guides/how-to-use-design-time-data,https://docs.avaloniaui.net/docs/app-development/xaml-preview-and-design-settings,301
docs.avaloniaui.net/docs/guides/implementation-guides/how-to-use-the-mvvm-pattern,https://docs.avaloniaui.net/docs/fundamentals/the-mvvm-pattern,301
docs.avaloniaui.net/docs/guides/implementation-guides/ide-support,https://docs.avaloniaui.net/docs/app-development/xaml-preview-and-design-settings,301
docs.avaloniaui.net/docs/guides/implementation-guides/localizing,https://docs.avaloniaui.net/docs/app-development/localizing,301
docs.avaloniaui.net/docs/guides/implementation-guides/logging-errors-and-warnings,https://docs.avaloniaui.net/docs/app-development/logging-errors-and-warnings,301
docs.avaloniaui.net/docs/guides/implementation-guides/using-avalonia-with-mvvm-frameworks,https://docs.avaloniaui.net/docs/fundamentals/the-mvvm-pattern,301
docs.avaloniaui.net/docs/guides/index,https://docs.avaloniaui.net/docs/welcome,301
docs.avaloniaui.net/docs/guides/platforms/android/,https://docs.avaloniaui.net/docs/platform-specific-guides/android/,301
docs.avaloniaui.net/docs/guides/platforms/android/build-and-run-your-application-on-a-device,https://docs.avaloniaui.net/docs/platform-specific-guides/android/,301
docs.avaloniaui.net/docs/guides/platforms/android/build-and-run-your-application-on-a-simulator,https://docs.avaloniaui.net/docs/platform-specific-guides/android/,301
docs.avaloniaui.net/docs/guides/platforms/android/configure-vscode-debug-linux,https://docs.avaloniaui.net/tools/visual-studio-code/configure-vscode-debug-linux,301
docs.avaloniaui.net/docs/guides/platforms/android/embed-native-views,https://docs.avaloniaui.net/docs/platform-specific-guides/android/embed-native-views,301
docs.avaloniaui.net/docs/guides/platforms/android/intent-filter,https://docs.avaloniaui.net/docs/platform-specific-guides/android/intent-filter,301
docs.avaloniaui.net/docs/guides/platforms/android/setting-up-your-developer-environment-for-android,https://docs.avaloniaui.net/docs/platform-specific-guides/android/,301
docs.avaloniaui.net/docs/guides/platforms/how-to-use-web-assembly,https://docs.avaloniaui.net/docs/platform-specific-guides/webassembly,301
docs.avaloniaui.net/docs/guides/platforms/ios/,https://docs.avaloniaui.net/docs/platform-specific-guides/ios,301
docs.avaloniaui.net/docs/guides/platforms/ios/build-and-run-your-application-on-a-simulator,https://docs.avaloniaui.net/docs/platform-specific-guides/ios,301
docs.avaloniaui.net/docs/guides/platforms/ios/build-and-run-your-application-on-your-iphone-or-ipad,https://docs.avaloniaui.net/docs/platform-specific-guides/ios,301
docs.avaloniaui.net/docs/guides/platforms/ios/setting-up-your-developer-environment-for-ios,https://docs.avaloniaui.net/docs/platform-specific-guides/ios,301
docs.avaloniaui.net/docs/guides/platforms/macos-development,https://docs.avaloniaui.net/docs/deployment/macos,301
docs.avaloniaui.net/docs/guides/platforms/platform-specific-code/dotnet,https://docs.avaloniaui.net/docs/platform-specific-guides/dotnet,301
docs.avaloniaui.net/docs/guides/platforms/platform-specific-code/xaml,https://docs.avaloniaui.net/docs/platform-specific-guides/xaml,301
docs.avaloniaui.net/docs/guides/platforms/rpi/running-on-raspbian-lite-via-drm,https://docs.avaloniaui.net/docs/platform-specific-guides/embedded-linux/raspberry-pi,301
docs.avaloniaui.net/docs/guides/platforms/rpi/running-your-app-on-a-raspberry-pi,https://docs.avaloniaui.net/docs/platform-specific-guides/embedded-linux/raspberry-pi,301
docs.avaloniaui.net/docs/guides/platforms/windows/host-avalonia-controls-in-winforms,https://docs.avaloniaui.net/docs/platform-specific-guides/windows,301
docs.avaloniaui.net/docs/guides/styles-and-resources/how-to-use-fonts,https://docs.avaloniaui.net/docs/styling/custom-fonts,301
docs.avaloniaui.net/docs/guides/styles-and-resources/how-to-use-included-styles,https://docs.avaloniaui.net/docs/styling/sharing-styles,301
docs.avaloniaui.net/docs/guides/styles-and-resources/how-to-use-theme-variants,https://docs.avaloniaui.net/docs/styling/theme-variants,301
docs.avaloniaui.net/docs/guides/styles-and-resources/property-setters,https://docs.avaloniaui.net/docs/styling/property-setters,301
docs.avaloniaui.net/docs/guides/styles-and-resources/resources,https://docs.avaloniaui.net/docs/app-development/resource-dictionary,301
docs.avaloniaui.net/docs/guides/styles-and-resources/selectors,https://docs.avaloniaui.net/docs/styling/style-selectors,301
docs.avaloniaui.net/docs/guides/styles-and-resources/setter-precedence,https://docs.avaloniaui.net/docs/styling/property-setters,301
docs.avaloniaui.net/docs/guides/styles-and-resources/troubleshooting,https://docs.avaloniaui.net/troubleshooting/ui-development/styles,301
docs.avaloniaui.net/docs/guides/ui-development/graphics/transitions,https://docs.avaloniaui.net/docs/graphics-animation/control-transitions,301
docs.avaloniaui.net/docs/input/,https://docs.avaloniaui.net/docs/input-interaction/pointer,301
docs.avaloniaui.net/docs/input/hotkeys,https://docs.avaloniaui.net/docs/input-interaction/keyboard-and-hotkeys,301
docs.avaloniaui.net/docs/input/pointer,https://docs.avaloniaui.net/docs/input-interaction/pointer,301
docs.avaloniaui.net/docs/input/routed-events,https://docs.avaloniaui.net/docs/input-interaction/routed-events,301
docs.avaloniaui.net/docs/layout/alignment-margins-and-padding,https://docs.avaloniaui.net/docs/layout/positioning-controls,301
docs.avaloniaui.net/docs/layout/create-a-custom-panel,https://docs.avaloniaui.net/docs/custom-controls/custom-panel,301
docs.avaloniaui.net/docs/layout/panels-overview,https://docs.avaloniaui.net/controls,301
docs.avaloniaui.net/docs/next/basics/user-interface/controls/creating-controls/choosing-a-custom-contro-type,https://docs.avaloniaui.net/docs/custom-controls/,301
docs.avaloniaui.net/docs/next/guides/graphics-and-animation/how-to-create-a-custom-page-transition,https://docs.avaloniaui.net/docs/graphics-animation/page-transitions,301
docs.avaloniaui.net/docs/next/guides/graphics-and-animation/how-to-use-page-transitions/,https://docs.avaloniaui.net/docs/graphics-animation/page-transitions,301
docs.avaloniaui.net/docs/next/guides/graphics-and-animation/how-to-use-page-transitions/cross-fade-page-transition,https://docs.avaloniaui.net/docs/graphics-animation/page-transitions,301
docs.avaloniaui.net/docs/next/guides/graphics-and-animation/how-to-use-page-transitions/page-slide-transition,https://docs.avaloniaui.net/docs/graphics-animation/page-transitions,301
docs.avaloniaui.net/docs/next/guides/graphics-and-animation/how-to-use-page-transitions/page-transition-combinations,https://docs.avaloniaui.net/docs/graphics-animation/page-transitions,301
docs.avaloniaui.net/docs/next/reference/upgrade-to-v11,https://docs.avaloniaui.net/docs/welcome,301
docs.avaloniaui.net/docs/overview/supported-platforms,https://docs.avaloniaui.net/docs/supported-platforms,301
docs.avaloniaui.net/docs/overview/what-is-avalonia,https://docs.avaloniaui.net/docs/welcome,301
docs.avaloniaui.net/docs/platform-specific-guides/android/configure-vscode-debug-linux,https://docs.avaloniaui.net/tools/visual-studio-code/configure-vscode-debug-linux,301
docs.avaloniaui.net/docs/platform-specific-guides/raspberry-pi,https://docs.avaloniaui.net/docs/platform-specific-guides/embedded-linux/raspberry-pi,301
docs.avaloniaui.net/docs/platform-specific-guides/virtual-keyboard,https://docs.avaloniaui.net/docs/platform-specific-guides/embedded-linux/virtual-keyboard,301
docs.avaloniaui.net/docs/platform-specific-guides/winforms,https://docs.avaloniaui.net/docs/platform-specific-guides/windows,301
docs.avaloniaui.net/docs/reference/,https://docs.avaloniaui.net/docs/welcome,301
docs.avaloniaui.net/docs/reference/animation-settings,https://docs.avaloniaui.net/docs/graphics-animation/animation-settings,301
docs.avaloniaui.net/docs/reference/built-in-data-binding-converters,https://docs.avaloniaui.net/docs/data-binding/built-in-data-binding-converters,301
docs.avaloniaui.net/docs/reference/controls/,https://docs.avaloniaui.net/controls,301
docs.avaloniaui.net/docs/reference/controls/autocompletebox,https://docs.avaloniaui.net/controls/input/text-input/autocompletebox,301
docs.avaloniaui.net/docs/reference/controls/border,https://docs.avaloniaui.net/controls/layout/containers/border,301
docs.avaloniaui.net/docs/reference/controls/buttons,https://docs.avaloniaui.net/controls,301
docs.avaloniaui.net/docs/reference/controls/buttons/button,https://docs.avaloniaui.net/controls/input/buttons/button,301
docs.avaloniaui.net/docs/reference/controls/buttons/buttonspinner,https://docs.avaloniaui.net/controls/input/buttons/buttonspinner,301
docs.avaloniaui.net/docs/reference/controls/buttons/radiobutton,https://docs.avaloniaui.net/controls/input/buttons/radiobutton,301
docs.avaloniaui.net/docs/reference/controls/buttons/repeatbutton,https://docs.avaloniaui.net/controls/input/buttons/repeatbutton,301
docs.avaloniaui.net/docs/reference/controls/buttons/splitbutton,https://docs.avaloniaui.net/controls/input/buttons/splitbutton,301
docs.avaloniaui.net/docs/reference/controls/buttons/togglebutton,https://docs.avaloniaui.net/controls/input/buttons/togglebutton,301
docs.avaloniaui.net/docs/reference/controls/buttons/togglesplitbutton,https://docs.avaloniaui.net/controls/input/buttons/togglesplitbutton,301
docs.avaloniaui.net/docs/reference/controls/calendar,https://docs.avaloniaui.net/controls/input/date-and-time/calendar,301
docs.avaloniaui.net/docs/reference/controls/calendar-date-picker,https://docs.avaloniaui.net/controls/input/date-and-time/calendardatepicker,301
docs.avaloniaui.net/docs/reference/controls/calendar/calendar-date-picker,https://docs.avaloniaui.net/controls/input/date-and-time/calendardatepicker,301
docs.avaloniaui.net/docs/reference/controls/canvas,https://docs.avaloniaui.net/controls/layout/panels/canvas,301
docs.avaloniaui.net/docs/reference/controls/carousel,https://docs.avaloniaui.net/controls/data-display/collections/carousel,301
docs.avaloniaui.net/docs/reference/controls/checkbox,https://docs.avaloniaui.net/controls/input/selectors/checkbox,301
docs.avaloniaui.net/docs/reference/controls/colorpicker,https://docs.avaloniaui.net/controls/input/selectors/colorpicker,301
docs.avaloniaui.net/docs/reference/controls/colorpicker/colorview,https://docs.avaloniaui.net/controls/input/selectors/colorview,301
docs.avaloniaui.net/docs/reference/controls/colorview,https://docs.avaloniaui.net/controls/input/selectors/colorview,301
docs.avaloniaui.net/docs/reference/controls/combobox,https://docs.avaloniaui.net/controls/input/selectors/combobox,301
docs.avaloniaui.net/docs/reference/controls/contentcontrol,https://docs.avaloniaui.net/controls/data-display/contentcontrol,301
docs.avaloniaui.net/docs/reference/controls/contextmenu,https://docs.avaloniaui.net/controls/menus/contextmenu,301
docs.avaloniaui.net/docs/reference/controls/datagrid,https://docs.avaloniaui.net/controls/data-display/structured-data/datagrid,301
docs.avaloniaui.net/docs/reference/controls/datagrid/data-grid-template-columns,https://docs.avaloniaui.net/controls/data-display/structured-data/datagrid,301
docs.avaloniaui.net/docs/reference/controls/datagrid/datagridcolumns,https://docs.avaloniaui.net/controls/data-display/structured-data/datagrid,301
docs.avaloniaui.net/docs/reference/controls/datepicker,https://docs.avaloniaui.net/controls/input/date-and-time/datepicker,301
docs.avaloniaui.net/docs/reference/controls/decorator,https://docs.avaloniaui.net/controls/layout/decorator,301
docs.avaloniaui.net/docs/reference/controls/detailed-reference/border,https://docs.avaloniaui.net/controls/layout/containers/border,301
docs.avaloniaui.net/docs/reference/controls/detailed-reference/calendar,https://docs.avaloniaui.net/controls/input/date-and-time/calendar,301
docs.avaloniaui.net/docs/reference/controls/detailed-reference/datagrid/data-grid-template-columns,https://docs.avaloniaui.net/controls/data-display/structured-data/datagrid,301
docs.avaloniaui.net/docs/reference/controls/detailed-reference/drawing-image,https://docs.avaloniaui.net/controls/media/drawingimage,301
docs.avaloniaui.net/docs/reference/controls/detailed-reference/label,https://docs.avaloniaui.net/controls/data-display/text-display/label,301
docs.avaloniaui.net/docs/reference/controls/detailed-reference/menu-flyout,https://docs.avaloniaui.net/controls/menus/menuflyout,301
docs.avaloniaui.net/docs/reference/controls/detailed-reference/path-icon,https://docs.avaloniaui.net/controls/media/pathicon,301
docs.avaloniaui.net/docs/reference/controls/detailed-reference/selectable-textblock,https://docs.avaloniaui.net/controls/data-display/text-display/selectabletextblock,301
docs.avaloniaui.net/docs/reference/controls/detailed-reference/tabcontrol,https://docs.avaloniaui.net/controls/navigation/tabcontrol,301
docs.avaloniaui.net/docs/reference/controls/detailed-reference/tabstrip,https://docs.avaloniaui.net/controls/navigation/tabstrip,301
docs.avaloniaui.net/docs/reference/controls/detailed-reference/textblock,https://docs.avaloniaui.net/controls/data-display/text-display/textblock,301
docs.avaloniaui.net/docs/reference/controls/detailed-reference/textbox,https://docs.avaloniaui.net/controls/input/text-input/textbox,301
docs.avaloniaui.net/docs/reference/controls/detailed-reference/timepicker,https://docs.avaloniaui.net/controls/input/date-and-time/timepicker,301
docs.avaloniaui.net/docs/reference/controls/detailed-reference/tooltip,https://docs.avaloniaui.net/controls/feedback/tooltip,301
docs.avaloniaui.net/docs/reference/controls/detailed-reference/transitioningcontentcontrol,https://docs.avaloniaui.net/controls/data-display/transitioningcontentcontrol,301
docs.avaloniaui.net/docs/reference/controls/detailed-reference/treedatagrid,https://docs.avaloniaui.net/controls/data-display/structured-data/treedatagrid/,301
docs.avaloniaui.net/docs/reference/controls/detailed-reference/treedatagrid/creating-a-flat-treedatagrid,https://docs.avaloniaui.net/controls/data-display/structured-data/treedatagrid/,301
docs.avaloniaui.net/docs/reference/controls/detailed-reference/treedatagrid/creating-a-hierarchical-treedatagrid,https://docs.avaloniaui.net/controls/data-display/structured-data/treedatagrid/,301
docs.avaloniaui.net/docs/reference/controls/detailed-reference/treedatagrid/treedatagrid-column-types,https://docs.avaloniaui.net/controls/data-display/structured-data/treedatagrid/,301
docs.avaloniaui.net/docs/reference/controls/detailed-reference/uniform-grid,https://docs.avaloniaui.net/controls/layout/panels/uniformgrid,301
docs.avaloniaui.net/docs/reference/controls/detailed-reference/viewbox,https://docs.avaloniaui.net/controls/layout/containers/viewbox,301
docs.avaloniaui.net/docs/reference/controls/detailed-reference/wrappanel,https://docs.avaloniaui.net/controls/layout/panels/wrappanel,301
docs.avaloniaui.net/docs/reference/controls/dockpanel,https://docs.avaloniaui.net/controls/layout/panels/dockpanel,301
docs.avaloniaui.net/docs/reference/controls/drawing-image,https://docs.avaloniaui.net/controls/media/drawingimage,301
docs.avaloniaui.net/docs/reference/controls/expander,https://docs.avaloniaui.net/controls/layout/containers/expander,301
docs.avaloniaui.net/docs/reference/controls/flyouts,https://docs.avaloniaui.net/controls/layout/containers/flyout,301
docs.avaloniaui.net/docs/reference/controls/grid,https://docs.avaloniaui.net/controls/layout/panels/grid,301
docs.avaloniaui.net/docs/reference/controls/grid/sharedsizegroup,https://docs.avaloniaui.net/controls/layout/panels/grid,301
docs.avaloniaui.net/docs/reference/controls/gridsplitter,https://docs.avaloniaui.net/controls/layout/panels/gridsplitter,301
docs.avaloniaui.net/docs/reference/controls/image,https://docs.avaloniaui.net/controls/media/image,301
docs.avaloniaui.net/docs/reference/controls/image-controls,https://docs.avaloniaui.net/controls,301
docs.avaloniaui.net/docs/reference/controls/itemscontrol,https://docs.avaloniaui.net/controls/data-display/collections/itemscontrol,301
docs.avaloniaui.net/docs/reference/controls/itemsrepeater,https://docs.avaloniaui.net/controls/data-display/collections/itemsrepeater,301
docs.avaloniaui.net/docs/reference/controls/label,https://docs.avaloniaui.net/controls/data-display/text-display/label,301
docs.avaloniaui.net/docs/reference/controls/layout-controls,https://docs.avaloniaui.net/controls,301
docs.avaloniaui.net/docs/reference/controls/layouttransformcontrol,https://docs.avaloniaui.net/controls/layout/layouttransformcontrol,301
docs.avaloniaui.net/docs/reference/controls/listbox,https://docs.avaloniaui.net/controls/data-display/collections/listbox,301
docs.avaloniaui.net/docs/reference/controls/maskedtextbox,https://docs.avaloniaui.net/controls/input/text-input/maskedtextbox,301
docs.avaloniaui.net/docs/reference/controls/menu,https://docs.avaloniaui.net/controls/menus/menu,301
docs.avaloniaui.net/docs/reference/controls/menu-controls,https://docs.avaloniaui.net/controls,301
docs.avaloniaui.net/docs/reference/controls/menu-flyout,https://docs.avaloniaui.net/controls/menus/menuflyout,301
docs.avaloniaui.net/docs/reference/controls/nativemenu,https://docs.avaloniaui.net/controls/menus/nativemenu,301
docs.avaloniaui.net/docs/reference/controls/numericupdown,https://docs.avaloniaui.net/controls/input/selectors/numericupdown,301
docs.avaloniaui.net/docs/reference/controls/panel,https://docs.avaloniaui.net/controls/layout/panels/panel,301
docs.avaloniaui.net/docs/reference/controls/path-icon,https://docs.avaloniaui.net/controls/media/pathicon,301
docs.avaloniaui.net/docs/reference/controls/popup-controls,https://docs.avaloniaui.net/controls,301
docs.avaloniaui.net/docs/reference/controls/progressbar,https://docs.avaloniaui.net/controls/feedback/progressbar,301
docs.avaloniaui.net/docs/reference/controls/refreshcontainer,https://docs.avaloniaui.net/controls/layout/containers/refreshcontainer,301
docs.avaloniaui.net/docs/reference/controls/relativepanel,https://docs.avaloniaui.net/controls/layout/panels/relativepanel,301
docs.avaloniaui.net/docs/reference/controls/repeating-data-controls,https://docs.avaloniaui.net/controls,301
docs.avaloniaui.net/docs/reference/controls/scrollbar,https://docs.avaloniaui.net/controls/primitives/scrollbar,301
docs.avaloniaui.net/docs/reference/controls/scrollviewer,https://docs.avaloniaui.net/controls/layout/containers/scrollviewer,301
docs.avaloniaui.net/docs/reference/controls/selectable-textblock,https://docs.avaloniaui.net/controls/data-display/text-display/selectabletextblock,301
docs.avaloniaui.net/docs/reference/controls/separator,https://docs.avaloniaui.net/controls/menus/separator,301
docs.avaloniaui.net/docs/reference/controls/slider,https://docs.avaloniaui.net/controls/input/selectors/slider,301
docs.avaloniaui.net/docs/reference/controls/splitview,https://docs.avaloniaui.net/controls/layout/containers/splitview,301
docs.avaloniaui.net/docs/reference/controls/stackpanel,https://docs.avaloniaui.net/controls/layout/panels/stackpanel,301
docs.avaloniaui.net/docs/reference/controls/tabcontrol,https://docs.avaloniaui.net/controls/navigation/tabcontrol,301
docs.avaloniaui.net/docs/reference/controls/tabstrip,https://docs.avaloniaui.net/controls/navigation/tabstrip,301
docs.avaloniaui.net/docs/reference/controls/text-controls,https://docs.avaloniaui.net/controls,301
docs.avaloniaui.net/docs/reference/controls/textblock,https://docs.avaloniaui.net/controls/data-display/text-display/textblock,301
docs.avaloniaui.net/docs/reference/controls/textbox,https://docs.avaloniaui.net/controls/input/text-input/textbox,301
docs.avaloniaui.net/docs/reference/controls/timepicker,https://docs.avaloniaui.net/controls/input/date-and-time/timepicker,301
docs.avaloniaui.net/docs/reference/controls/tooltip,https://docs.avaloniaui.net/controls/feedback/tooltip,301
docs.avaloniaui.net/docs/reference/controls/transitioningcontentcontrol,https://docs.avaloniaui.net/controls/data-display/transitioningcontentcontrol,301
docs.avaloniaui.net/docs/reference/controls/tray-icon,https://docs.avaloniaui.net/controls/navigation/trayicon,301
docs.avaloniaui.net/docs/reference/controls/treedatagrid/,https://docs.avaloniaui.net/controls/data-display/structured-data/treedatagrid/,301
docs.avaloniaui.net/docs/reference/controls/treedatagrid/creating-a-flat-treedatagrid,https://docs.avaloniaui.net/controls/data-display/structured-data/treedatagrid/,301
docs.avaloniaui.net/docs/reference/controls/treedatagrid/creating-a-hierarchical-treedatagrid,https://docs.avaloniaui.net/controls/data-display/structured-data/treedatagrid/,301
docs.avaloniaui.net/docs/reference/controls/treedatagrid/index,https://docs.avaloniaui.net/controls/data-display/structured-data/treedatagrid/,301
docs.avaloniaui.net/docs/reference/controls/treedatagrid/treedatagrid-column-types,https://docs.avaloniaui.net/controls/data-display/structured-data/treedatagrid/,301
docs.avaloniaui.net/docs/reference/controls/treeview-1,https://docs.avaloniaui.net/controls/data-display/structured-data/treeview,301
docs.avaloniaui.net/docs/reference/controls/uniform-grid,https://docs.avaloniaui.net/controls/layout/panels/uniformgrid,301
docs.avaloniaui.net/docs/reference/controls/usercontrol,https://docs.avaloniaui.net/controls/primitives/usercontrol,301
docs.avaloniaui.net/docs/reference/controls/value-selector-controls,https://docs.avaloniaui.net/controls,301
docs.avaloniaui.net/docs/reference/controls/viewbox,https://docs.avaloniaui.net/controls/layout/containers/viewbox,301
docs.avaloniaui.net/docs/reference/controls/window,https://docs.avaloniaui.net/controls/primitives/window,301
docs.avaloniaui.net/docs/reference/controls/wrappanel,https://docs.avaloniaui.net/controls/layout/panels/wrappanel,301
docs.avaloniaui.net/docs/reference/gestures/,https://docs.avaloniaui.net/docs/welcome,301
docs.avaloniaui.net/docs/reference/gestures/pinchgesturerecognizer,https://docs.avaloniaui.net/docs/input-interaction/gestures/pinch-gesture-recognizer,301
docs.avaloniaui.net/docs/reference/gestures/pullgesturerecognizer,https://docs.avaloniaui.net/docs/input-interaction/gestures/pull-gesture-recognizer,301
docs.avaloniaui.net/docs/reference/gestures/scrollgesturerecognizer,https://docs.avaloniaui.net/docs/input-interaction/gestures/scroll-gesture-recognizer,301
docs.avaloniaui.net/docs/reference/jetbrains-rider-ide/,https://docs.avaloniaui.net/docs/get-started/,301
docs.avaloniaui.net/docs/reference/jetbrains-rider-ide/jetbrains-rider-setup,https://docs.avaloniaui.net/docs/get-started/,301
docs.avaloniaui.net/docs/reference/properties/,https://docs.avaloniaui.net/docs/welcome,301
docs.avaloniaui.net/docs/reference/properties/index,https://docs.avaloniaui.net/docs/welcome,301
docs.avaloniaui.net/docs/reference/properties/texttrimming,https://docs.avaloniaui.net/controls/data-display/text-display/texttrimming,301
docs.avaloniaui.net/docs/reference/styles/,https://docs.avaloniaui.net/docs/styling/styles,301
docs.avaloniaui.net/docs/reference/styles/index,https://docs.avaloniaui.net/docs/welcome,301
docs.avaloniaui.net/docs/reference/styles/pseudo-classes,https://docs.avaloniaui.net/docs/styling/pseudoclasses,301
docs.avaloniaui.net/docs/reference/styles/style-selector-syntax,https://docs.avaloniaui.net/docs/styling/style-selector-syntax,301
docs.avaloniaui.net/docs/stay-up-to-date/,https://docs.avaloniaui.net/docs/welcome,301
docs.avaloniaui.net/docs/stay-up-to-date/breaking-changes,https://docs.avaloniaui.net/docs/welcome,301
docs.avaloniaui.net/docs/stay-up-to-date/release-notes,https://github.com/AvaloniaUI/Avalonia/releases,301
docs.avaloniaui.net/docs/stay-up-to-date/upgrade-from-0.10,https://docs.avaloniaui.net/docs/welcome,301
docs.avaloniaui.net/docs/stay-up-to-date/whats-new,https://docs.avaloniaui.net/docs/welcome,301
docs.avaloniaui.net/docs/styling/,https://docs.avaloniaui.net/docs/styling/styles,301
docs.avaloniaui.net/docs/styling/resources,https://docs.avaloniaui.net/docs/app-development/resource-dictionary,301
docs.avaloniaui.net/docs/styling/selectors,https://docs.avaloniaui.net/docs/styling/style-selectors,301
docs.avaloniaui.net/docs/styling/troubleshooting,https://docs.avaloniaui.net/troubleshooting/ui-development/styles,301
docs.avaloniaui.net/docs/templates/,https://docs.avaloniaui.net/docs/data-templates/introduction-to-data-templates,301
docs.avaloniaui.net/docs/templates/creating-data-templates-in-code,https://docs.avaloniaui.net/docs/data-templates/introduction-to-data-templates,301
docs.avaloniaui.net/docs/templates/data-templates,https://docs.avaloniaui.net/docs/data-templates/introduction-to-data-templates,301
docs.avaloniaui.net/docs/templates/implement-IDataTemplate,https://docs.avaloniaui.net/docs/data-templates/introduction-to-data-templates,301
docs.avaloniaui.net/docs/templates/implement-idatatemplates,https://docs.avaloniaui.net/docs/data-templates/introduction-to-data-templates,301
docs.avaloniaui.net/docs/tutorials/,https://docs.avaloniaui.net/docs/samples-tutorials,301
docs.avaloniaui.net/docs/tutorials/developing-for-mobile/create-a-cross-platform-solution,https://docs.avaloniaui.net/docs/fundamentals/cross-platform-architecture,301
docs.avaloniaui.net/docs/tutorials/groupbox,https://docs.avaloniaui.net/controls/layout/containers/groupbox,301
docs.avaloniaui.net/docs/tutorials/music-store-app/,https://github.com/AvaloniaUI/Avalonia.Samples/tree/main/src/Avalonia.Samples/CompleteApps/Avalonia.MusicStore,301
docs.avaloniaui.net/docs/tutorials/music-store-app/add-and-layout-controls,https://github.com/AvaloniaUI/Avalonia.Samples/tree/main/src/Avalonia.Samples/CompleteApps/Avalonia.MusicStore,301
docs.avaloniaui.net/docs/tutorials/music-store-app/add-content-to-dialog,https://github.com/AvaloniaUI/Avalonia.Samples/tree/main/src/Avalonia.Samples/CompleteApps/Avalonia.MusicStore,301
docs.avaloniaui.net/docs/tutorials/music-store-app/add-data-persistence,https://github.com/AvaloniaUI/Avalonia.Samples/tree/main/src/Avalonia.Samples/CompleteApps/Avalonia.MusicStore,301
docs.avaloniaui.net/docs/tutorials/music-store-app/add-items-to-users-collection,https://github.com/AvaloniaUI/Avalonia.Samples/tree/main/src/Avalonia.Samples/CompleteApps/Avalonia.MusicStore,301
docs.avaloniaui.net/docs/tutorials/music-store-app/album-view,https://github.com/AvaloniaUI/Avalonia.Samples/tree/main/src/Avalonia.Samples/CompleteApps/Avalonia.MusicStore,301
docs.avaloniaui.net/docs/tutorials/music-store-app/button-command,https://github.com/AvaloniaUI/Avalonia.Samples/tree/main/src/Avalonia.Samples/CompleteApps/Avalonia.MusicStore,301
docs.avaloniaui.net/docs/tutorials/music-store-app/creating-a-modern-looking-window,https://github.com/AvaloniaUI/Avalonia.Samples/tree/main/src/Avalonia.Samples/CompleteApps/Avalonia.MusicStore,301
docs.avaloniaui.net/docs/tutorials/music-store-app/creating-the-project,https://github.com/AvaloniaUI/Avalonia.Samples/tree/main/src/Avalonia.Samples/CompleteApps/Avalonia.MusicStore,301
docs.avaloniaui.net/docs/tutorials/music-store-app/displaying-images,https://github.com/AvaloniaUI/Avalonia.Samples/tree/main/src/Avalonia.Samples/CompleteApps/Avalonia.MusicStore,301
docs.avaloniaui.net/docs/tutorials/music-store-app/load-data-at-startup,https://github.com/AvaloniaUI/Avalonia.Samples/tree/main/src/Avalonia.Samples/CompleteApps/Avalonia.MusicStore,301
docs.avaloniaui.net/docs/tutorials/music-store-app/mock-search,https://github.com/AvaloniaUI/Avalonia.Samples/tree/main/src/Avalonia.Samples/CompleteApps/Avalonia.MusicStore,301
docs.avaloniaui.net/docs/tutorials/music-store-app/opening-a-dialog,https://github.com/AvaloniaUI/Avalonia.Samples/tree/main/src/Avalonia.Samples/CompleteApps/Avalonia.MusicStore,301
docs.avaloniaui.net/docs/tutorials/music-store-app/return-from-dialog,https://github.com/AvaloniaUI/Avalonia.Samples/tree/main/src/Avalonia.Samples/CompleteApps/Avalonia.MusicStore,301
docs.avaloniaui.net/docs/tutorials/music-store-app/searching-for-albums,https://github.com/AvaloniaUI/Avalonia.Samples/tree/main/src/Avalonia.Samples/CompleteApps/Avalonia.MusicStore,301
docs.avaloniaui.net/docs/tutorials/music-store-app/setup-development-environment,https://github.com/AvaloniaUI/Avalonia.Samples/tree/main/src/Avalonia.Samples/CompleteApps/Avalonia.MusicStore,301
docs.avaloniaui.net/docs/tutorials/music-store-app/summary,https://github.com/AvaloniaUI/Avalonia.Samples/tree/main/src/Avalonia.Samples/CompleteApps/Avalonia.MusicStore,301
docs.avaloniaui.net/docs/tutorials/running-in-the-browser,https://docs.avaloniaui.net/docs/platform-specific-guides/webassembly,301
docs.avaloniaui.net/docs/tutorials/samples,https://docs.avaloniaui.net/docs/samples-tutorials,301
docs.avaloniaui.net/docs/ui-development/custom-controls/control-themes,https://docs.avaloniaui.net/docs/styling/control-themes,301
docs.avaloniaui.net/guides/basics/introduction-to-xaml,https://docs.avaloniaui.net/docs/fundamentals/avalonia-xaml,301
docs.avaloniaui.net/reference,https://docs.avaloniaui.net/docs/welcome,301
docs.avaloniaui.net/reference/index,https://docs.avaloniaui.net/docs/welcome,301
docs.avaloniaui.net/reference/services/storage/index,https://docs.avaloniaui.net/docs/services/storage/storage-provider,301
docs.avaloniaui.net/samples,https://docs.avaloniaui.net/docs/samples-tutorials,301
docs.avaloniaui.net/samples/index,https://docs.avaloniaui.net/docs/samples-tutorials,301
docs.avaloniaui.net/troubleshooting/controls/groupbox,https://docs.avaloniaui.net/controls/layout/containers/groupbox,301
docs.avaloniaui.net/xpf/advanced/avalonia-interop,https://docs.avaloniaui.net/xpf/interop/embedding-avalonia-in-xpf,301
docs.avaloniaui.net/xpf/advanced/centralized-management,https://docs.avaloniaui.net/xpf/configuration/centralizing-multiple-xpf-projects,301
docs.avaloniaui.net/xpf/advanced/customizing-init,https://docs.avaloniaui.net/xpf/configuration/customizing-initialization,301
docs.avaloniaui.net/xpf/advanced/customizing-window-decorations,https://docs.avaloniaui.net/xpf/migration/removing-the-titlebar,301
docs.avaloniaui.net/xpf/advanced/headless-testing,https://docs.avaloniaui.net/xpf/testing/headless-testing,301
docs.avaloniaui.net/xpf/advanced/key-mapping,https://docs.avaloniaui.net/xpf/migration/key-mapping,301
docs.avaloniaui.net/xpf/advanced/window-handles,https://docs.avaloniaui.net/xpf/interop/native-window-handles,301
docs.avaloniaui.net/xpf/build-feeds,https://docs.avaloniaui.net/xpf/version-info/versioning,301
docs.avaloniaui.net/xpf/embedding/avalonia-in-xpf/adding-global-style-for-avalonia-controls-in-XPF,https://docs.avaloniaui.net/xpf/interop/embedding-avalonia-in-xpf,301
docs.avaloniaui.net/xpf/embedding/avalonia-in-xpf/adding-style-to-avalonia-control-in-xpf,https://docs.avaloniaui.net/xpf/interop/embedding-avalonia-in-xpf,301
docs.avaloniaui.net/xpf/embedding/avalonia-in-xpf/embedding-avalonia-controls-in-XPF,https://docs.avaloniaui.net/xpf/interop/embedding-avalonia-in-xpf,301
docs.avaloniaui.net/xpf/embedding/web-view,https://docs.avaloniaui.net/docs/app-development/embedding-web-content,301
docs.avaloniaui.net/xpf/embedding/xpf-in-avalonia,https://docs.avaloniaui.net/xpf/interop/using-xpf-in-avalonia,301
docs.avaloniaui.net/xpf/missing-features,https://docs.avaloniaui.net/xpf/version-info/missing-features,301
docs.avaloniaui.net/xpf/porting-tips,https://docs.avaloniaui.net/xpf/getting-started,301
docs.avaloniaui.net/xpf/third-party-libraries,https://docs.avaloniaui.net/xpf/third-party/compatibility,301
docs.avaloniaui.net/xpf/welcome,https://docs.avaloniaui.net/xpf,301
